{
  "001": {
    "name": "Mombasa",
    "subcounties": {
      "Changamwe": [
        "Port Reitz",
        "Kipevu",
        "Airport",
        "Miritini",
        "Chaani"
      ],
      "Jomvu": [
        "Jomvu Kuu",
        "Magongo",
        "Mikindani"
      ],
      "Kisauni": [
        "Mjambere",
        "Junda",
        "Bamburi",
        "Mwakirunge",
        "Mtopanga",
        "Magogoni",
        "Shanzu"
      ],
      "Likoni": [
        "Mtongwe",
        "Shika adabu",
        "Bofu",
        "Likoni",
        "Timbwani"
      ],
      "Mvita": [
        "Mji wa Kale/Makadara",
        "Tudor",
        "Tononoka",
        "Ganjoni/Shimanzi",
        "Majengo"
      ],
      "Nyali": [
        "Frere Town",
        "Ziwa la Ng'ombe",
        "Mkomani",
        "Kongowea",
        "Ziwani/Kadzandani"
      ]
    }
  },
  "002": {
    "name": "Kwale",
    "subcounties": {
      "Kinango": [
        "Ndavaya",
        "Puma",
        "Kinango",
        "Chengoni/Samburu",
        "Mackinon Road",
        "Mwavumbo",
        "Kasemeni"
      ],
      "Lunga Lunga": [
        "Pongwe/Kikoneni",
        "Dzombo",
        "Vanga",
        " Mwereni"
      ],
      "Msambweni": [
        "Gombato Bongwe",
        " Ukunda",
        "Kinondo",
        "Ramisi"
      ],
      "Matuga": [
        "  Tsimba Golini",
        "Waa",
        "Tiwi",
        "Kubo South",
        "Mkongani"
      ]
    }
  },
  "003": {
    "name": "Kilifi",
    "subcounties": {
      "Kilifi North": [
        "Tezo",
        "Sokoni",
        "Kibarani",
        "Dabaso",
        "Matsangoni",
        "Watamu",
        "Mnarani"
      ],
      "Kilifi South": [
        "Junju",
        "Mwarakaya",
        "Shimo la Tewa",
        "Chasimba",
        "Mtepeni"
      ],
      "Kaloleni": [
        "Mariakani",
        "Kayafungo",
        "Kaloleni",
        "Mwanamwinga"
      ],
      "Ganze": [
        "Dungicha",
        "Bamba",
        "Jaribuni",
        "Sokoke"
      ],
      "Magarini": [
        "Maarafa",
        "Magarini",
        "Gongoni",
        "Adu",
        "Garashi",
        "Sabaki"
      ],
      "Rabai": [
        "Mwawesa",
        "Ruruma",
        "Jibana",
        "Rabai/Kisurutuni"
      ],
      "Malindi": [
        "Jilore",
        "Kakuyuni",
        "Ganda",
        "Malindi Town",
        "Shella"
      ]
    }
  },
  "004": {
    "name": "Tana River",
    "subcounties": {
      "Garsen": [
        "Garsen Central",
        "Garsen East",
        "Garsen North",
        "Garsen South",
        "Kipini East",
        "Kipini West"
      ],
      "Galole": [
        "Kinakomba",
        "Mikinduni",
        "Chewani",
        "Wayu"
      ],
      "Bura": [
        "Chewele",
        "Hirimani",
        "Bangale",
        "Madogo",
        "Sala"
      ]
    }
  },
  "005": {
    "name": "Lamu",
    "subcounties": {
      "Lamu East": [
        "Faza",
        "Kiunga",
        "Basuba"
      ],
      "Lamu West": [
        "Shella",
        "Mkomani",
        "Hindi",
        "Mkunumbi",
        "Hongwe",
        "Witu",
        "Bahari"
      ]
    }
  },
  "006": {
    "name": "Taita-Taveta",
    "subcounties": {
      "Taveta": [
        "Chala",
        "Mahoo",
        "Bomani",
        "Mboghoni",
        "Mata"
      ],
      "Wundanyi": [
        "Wundanyi/Mbale",
        "Werugha",
        "Wumingu/Kishushe",
        "Mwanda/Mgange"
      ],
      "Mwatate": [
        "Ronge",
        "Mwatate",
        "Bura",
        "Chawia",
        "Wusi/Kishamba"
      ],
      "Voi": [
        "Mbololo",
        "Kaloleni",
        "Sagala",
        "Marungu",
        "Kaigau",
        "Ngolia"
      ]
    }
  },
  "007": {
    "name": "Garissa",
    "subcounties": {
      "Dujis": [
        "Waberi",
        "Galbet",
        "Township",
        "Iftin"
      ],
      "Balambala": [
        "Balambala",
        "Danyere",
        "Jarajara",
        "Saka",
        "Sankuri"
      ],
      "Dadaab": [
        "Dertu",
        "Dadaab",
        "Labasigale",
        "Damajale",
        "Liboi",
        "Abakaile"
      ],
      "Fafi": [
        "Bura",
        "Dekaharia",
        "Jarajila",
        "Fafi",
        "Nanighi"
      ],
      "Ijara": [
        "Hulugho",
        "Sangailu",
        "Ijara",
        "Masalani"
      ],
      "Lagdera": [
        "Modogashe",
        "Bename",
        "Goreale",
        "Maalamin",
        "Sabena",
        "Baraki"
      ]
    }
  },
  "008": {
    "name": "Wajir",
    "subcounties": {
      "Wajir East": [
        "Wagbri",
        "Township",
        "Barwago",
        "Khorof/Harar"
      ],
      "Wajir North": [
        "Gurar",
        "Bute",
        "Korondile",
        "Malkagufu",
        "Batalu",
        "Danaba",
        "Godoma"
      ],
      "Wajir South": [
        "Benane",
        "Burder",
        "Dadaja Bulla",
        "Habaswein",
        "Lagboghol South",
        "Ibrahim Ure"
      ],
      "Wajir West": [
        "Arbajahan",
        "Hadado/Athibohol",
        "Ademasajide",
        "Ganyure",
        "Wagalla"
      ],
      "Tarbaj": [
        "Elben",
        "Sarman",
        "Tarbaj",
        "Wargadud"
      ],
      "Eldas": [
        "Eldas",
        "Della",
        "Lakoley South/Basir",
        "Elnur/Tula Tula"
      ]
    }
  },
  "009": {
    "name": "Mandera",
    "subcounties": {
      "Mandera West": [
        "Takaba South",
        "Takaba",
        "Lagsure",
        "Dandu",
        "Gither"
      ],
      "Banissa": [
        "Banissa",
        "Derkhale",
        "Guba",
        "Malkamari",
        "Kiliwehiri"
      ],
      "Mandera North": [
        "Ashabito",
        "Guticha",
        "Marothile",
        "Rhamu",
        "Rhamu Dimtu"
      ],
      "Mandera South": [
        "Wargadud",
        "Kutulo",
        "Elwak South",
        "Elwak North",
        "Shimbir Fatuma"
      ],
      "Mandera East": [
        "Arabia",
        "Libehia",
        "Khalalio",
        "Neboi",
        "Township"
      ],
      "Lafey": [
        "Sala",
        "Fino",
        "Lafey",
        "Warangara",
        "Alungo"
      ]
    }
  },
  "010": {
    "name": "Marsabit",
    "subcounties": {
      "Laisamis": [
        "  Loiyangalani",
        "Kargi/South Horr",
        "Korr/Ngurunit",
        "LogoLogo",
        "Laisamis"
      ],
      "North Horr": [
        "  Dukana",
        "Maikona",
        "Turbi",
        "North Horr",
        " Illeret"
      ],
      "Saku": [
        "Sagate/Jaldesa",
        "Karare",
        "Marsabit Central"
      ],
      "Moyale": [
        "Butiye",
        "Sololo",
        "Heillu/Manyatta",
        "Golbo",
        "Moyale Township",
        "Uran",
        "Obbu"
      ]
    }
  },
  "011": {
    "name": "Isiolo",
    "subcounties": {
      "Isiolo North": [
        "Wabera",
        "Bulla Pesa",
        "Chari",
        "Cherab",
        "Ngare Mara",
        "Burat",
        "Oldo/Nyiro"
      ],
      "Isiolo South": [
        "Garba Tulla",
        "Kina",
        "Sericho"
      ]
    }
  },
  "012": {
    "name": "Meru",
    "subcounties": {
      "Buuri": [
        "Timau",
        "Kisima",
        "Kiirua/Naari",
        "Ruiri/Rwarera"
      ],
      "Central Imenti": [
        "Mwanganthia",
        "Abothuguchi Central",
        "Abothuguchi West",
        "Kiagu",
        "Kibirichia"
      ],
      "Igembe Central": [
        "Akirang'ondu",
        "Athiru",
        "Ruujine",
        "Igembe East Njia",
        "Kangeta"
      ],
      "Igembe South": [
        "Maua",
        "Kegoi/Antubochiu",
        "Athiru",
        "Gaiti",
        "Akachiu",
        "Kanuni"
      ],
      "Igembe North": [
        "Antuambui",
        "Ntunene",
        "Antubetwe Kiongo",
        "Naathui",
        "Amwathi"
      ],
      "Tigania West": [
        "Athwana",
        "Akithi",
        "Kianjai",
        "Nkomo",
        "Mbeu"
      ],
      "Tigania East": [
        "Thangatha",
        "Mikinduri",
        "Kiguchwa",
        "Mithara",
        "Karama"
      ],
      "Imenti North": [
        "Municipality",
        "Ntima East",
        "Ntima West",
        "Nyaki West",
        "Nyaki East"
      ],
      "Imenti South": [
        "Mitunguu",
        "Igoji East",
        "Igoji West",
        "Abogeta East",
        "Abogeta West",
        "Nkuene"
      ]
    }
  },
  "013": {
    "name": "Tharaka Nithi",
    "subcounties": {
      "Tharaka ": [
        "Gatunga",
        "Mukothima",
        "Nkondi",
        "Chiakariga",
        "Marimanti"
      ],
      "Chuka/Igambang’ombe": [
        "Mariani",
        "Karingani",
        "Magumoni",
        "Mugwe",
        "Igambang'ombe"
      ],
      "Maara": [
        "Mitheru",
        "Muthambi",
        "Mwimbi",
        "Ganga",
        "Chogoria"
      ]
    }
  },
  "014": {
    "name": "Embu",
    "subcounties": {
      "Manyatta": [
        "Ruguru/Ngandori",
        "Kithimu",
        "Nginda",
        "Mbeti North",
        "Kirimari",
        "Gaturi South"
      ],
      "Runyenjes": [
        "Gaturi North",
        "Kagaari South",
        "Kagaari North",
        "Central Ward",
        "Kyeni North",
        "Kyeni South"
      ],
      "Mbeere North": [
        "Nthawa",
        "Muminji",
        "Evurore"
      ],
      "Mbeere South": [
        "Mwea",
        "Amakim",
        "Mbeti South",
        "Mavuria",
        "Kiambere"
      ]
    }
  },
  "015": {
    "name": "Kitui",
    "subcounties": {
      "Kitui West": [
        "Mutonguni",
        "Kauwi",
        "Matinyani",
        "Kwa Mutonga/Kithum Ula"
      ],
      "Kitui Central": [
        "Miambani",
        "Township Kyangwithya West",
        "Mulango",
        "Kyangwithya East"
      ],
      "Kitui Rural": [
        "Kisasi",
        "Mbitini",
        "Kwavonza/Yatta",
        "Kanyangi"
      ],
      "Kitui South": [
        "Ikana/Kyantune",
        "Mutomo",
        "Mutha",
        "Ikutha",
        "Kanziko",
        "Athi"
      ],
      "Kitui East": [
        "Zombe/Mwitika",
        "Nzambani",
        "Chuluni",
        "Voo/Kyamatu",
        "Endau/Malalani",
        "Mutito/Kaliku"
      ],
      "Mwingi North": [
        "Ngomeni",
        "Kyuso",
        "Mumoni",
        "Tseikuru",
        "Tharaka"
      ],
      "Mwingi West": [
        "Kyome/Thaana",
        "Nguutani",
        "Migwani",
        "Kiomo/Kyethani"
      ],
      "Mwingi Central": [
        "Central",
        "Kivou",
        "Nguni",
        "Mui",
        "Waita"
      ]
    }
  },
  "016": {
    "name": "Machakos",
    "subcounties": {
      "Masinga": [
        "Kivaa",
        "Masinga",
        "Central",
        "Ekalakala",
        "Muthesya",
        "Ndithini"
      ],
      "Yatta": [
        "Ndalani",
        "Matuu",
        "Kithimani",
        "Ikomba",
        "Katangi"
      ],
      "Matungulu": [
        "Tala",
        "Matungulu North",
        "Matungulu East",
        "Matungulu West",
        "Kyeleni"
      ],
      "Kangundo": [
        "Kangundo North",
        "Kangundo Central",
        "Kangundo East",
        "Kangundo West"
      ],
      "Mwala": [
        "Mbiuni",
        "Makutano/Mwala",
        "Masii",
        "Muthetheni",
        "Wamunyu",
        "Kibauni"
      ],
      "Kathiani": [
        "Mitaboni",
        "Kathiani Central",
        "Upper Kaewa/Iveti",
        "Lower Kaewa/Kaani"
      ],
      "Machakos Town": [
        "Kalama",
        "Mua",
        "Mutitini",
        "Machakos Central",
        "Mumbuni North",
        "Muvuti/Kiima-Kimwe",
        "Kola"
      ],
      "Mavoko": [
        "Athi River",
        "Kinanie",
        "Muthwani",
        "Syokimau/Mulolongo"
      ]
    }
  },
  "017": {
    "name": "Makueni",
    "subcounties": {
      "Mbooni": [
        "Tulimani",
        "Mbooni",
        "Kithungo/Kitundu",
        "Kiteta/Kisau",
        "Waia-Kako",
        "Kalawa"
      ],
      "Kaiti": [
        "Ukia",
        "Kee",
        "Kilungu",
        "Ilima"
      ],
      "Makueni": [
        "Wote",
        "Muvau/Kikuumini",
        "Mavindini",
        "Kitise/Kithuki",
        "Kathonzweni",
        "Nzau/Kilili/Kalamba",
        "Mbitini"
      ],
      "Kilome": [
        "Kasikeu",
        "Mukaa",
        "Kiima Kiu/Kalanzoni"
      ],
      "Kibwezi East": [
        "Masongaleni",
        "Mtito Andei",
        "Thange",
        "Ivingoni/Nzambani"
      ],
      "Kibwezi West": [
        "Makindu",
        "Nguumo",
        "Kikumbulyu North",
        "Kimumbulyu South",
        "Nguu/Masumba",
        "Emali/Mulala"
      ]
    }
  },
  "018": {
    "name": "Nyandarua",
    "subcounties": {
      "Kinangop": [
        "Engineer",
        "Gathara",
        "North Kinangop",
        "Murungaru",
        "Njabini/Kiburu",
        "Nyakio",
        "Githabai",
        "Magumu"
      ],
      "Kipipiri": [
        "Wanjohi",
        "Kipipiri",
        "Geta",
        "Githioro"
      ],
      "Ol Joro Orok": [
        "Gathanji",
        "Gatima",
        "Weru",
        "Charagita"
      ],
      "Ndaragwa": [
        "Leshau/Pondo",
        "Kiriita",
        "Central",
        "Shamata"
      ],
      "Ol Kalou": [
        "Karau",
        "Kanjuiri Range",
        "Mirangine",
        "Kaimbaga",
        "Rurii"
      ]
    }
  },
  "019": {
    "name": "Nyeri",
    "subcounties": {
      "Mathira": [
        "Ruguru",
        "Magutu",
        "Iriani",
        "Konyu",
        "Kirimukuyu",
        "Karatina Town"
      ],
      "Othaya": [
        "Mahiga",
        "Iria-Ini",
        "Chinga",
        "Karima"
      ],
      "Tetu": [
        "Dedan Kimathi",
        "Wamagana",
        "Aguthi-Gaaki"
      ],
      "Mukurweini": [
        "Gikondi",
        "Rugi",
        "Mukurwe-Ini West",
        "Mukurwe-Ini Central"
      ],
      "Nyeri Town": [
        "Kiganjo/Mathari",
        "Rware",
        "Gatitu/Muruguru",
        "Ruring’u",
        "Kamakwa/Mukaro"
      ],
      "Kieni": [
        "Mweiga",
        "Naromoro Kiamthaga",
        "Mwiyogo/Endara Sha",
        "Mugunda",
        "Gatarakwa",
        "Thegu River",
        "Kabaru",
        "Gakawa"
      ]
    }
  },
  "020": {
    "name": "Kirinyaga",
    "subcounties": {
      "Kirinyaga Central": [
        "Mutira",
        "Kanyekini",
        "Kerugoya",
        "Inoi"
      ],
      "Mwea": [
        "Mutithi",
        "Kangai",
        "Wamumu",
        "Nyangati",
        "Murindiko",
        "Gathigiriri",
        "Teberer",
        "Thiba"
      ],
      "Gichugu": [
        "Kabare Baragwi",
        "Njukiini",
        "Ngariama",
        "Karumandi"
      ],
      "Ndia": [
        "Mukure",
        "Kiine",
        "Kariti"
      ]
    }
  },
  "021": {
    "name": "Murang'a",
    "subcounties": {
      "Gatanga": [
        "Ithanga",
        "Kakuzi/Mitubiri",
        "Mugumo-Ini",
        "Kihumbu-Ini",
        "Gatanga",
        "Kariara"
      ],
      "Kandara": [
        "Ng’ararii",
        "Muruka",
        "Kangundu-Ini",
        "Gaichanjiru",
        "Ithiru",
        "Ruchu"
      ],
      "Kigumo": [
        "Kahumbu",
        "Muthithi",
        "Kigumo",
        "Kangari",
        "Kinyona"
      ],
      "Mathioya": [
        "Gituhi",
        "Kiru",
        "Kamacharia"
      ],
      "Kiharu": [
        "Wangu",
        "Mugoiri",
        "Mbiri",
        "Township",
        "Murarandia",
        "Gaturi"
      ],
      "Kangema": [
        "Kanyenya-Ini",
        "Muguru",
        "Rwathia"
      ],
      "Maragwa": [
        "Kimorori/Wempa",
        "Makuyu",
        "Kambiti",
        "Kamahuha",
        "Ichagaki",
        "Nginda"
      ]
    }
  },
  "022": {
    "name": "Kiambu",
    "subcounties": {
      "Gatundu North": [
        "Gituamba",
        "Githobokoni",
        "Chania",
        "Mang’u"
      ],
      "Gatundu South": [
        "Kiamwangi",
        "Kiganjo",
        "Ndarugu",
        "Ngenda"
      ],
      "Githunguri": [
        "Githunguri",
        "Githiga",
        "Ikinu",
        "Ngewa",
        "Komothai"
      ],
      "Juja": [
        "Murera",
        "Theta",
        "Juja",
        "Witeithie",
        "Kalimoni"
      ],
      "Kabete": [
        "Gitaru",
        "Muguga",
        "Nyathuna",
        "Kabete",
        "Uthiru"
      ],
      "Kiambaa": [
        "Cianda",
        "Karuiri",
        "Ndenderu",
        "Muchatha",
        "Kihara"
      ],
      "Kiambu": [
        "Ting’gang’a",
        "Ndumberi",
        "Riabai",
        "Township"
      ],
      "Limuru": [
        "Bibirioni",
        "Limuru Central",
        "Ndeiya",
        "Limuru East",
        "Ngecha Tigoni"
      ],
      "Kikuyu": [
        "Karai",
        "Nachu",
        "Sigona",
        "Kikuyu",
        "Kinoo"
      ],
      "Lari": [
        "Kijabe",
        "Nyanduma",
        "Kamburu",
        "Lari/Kirenga"
      ],
      "Ruiru": [
        "Gitothua",
        "Biashara",
        "Gatongora",
        "Kahawa Sukari",
        "Kahawa Wendani",
        "Kiuu",
        "Mwiki",
        "Mwihoko"
      ],
      "Thika Town": [
        "Township",
        "Kamenu",
        "Hospital",
        "Gatuanyaga",
        "Ngoliba"
      ]
    }
  },
  "023": {
    "name": "Turkana",
    "subcounties": {
      "Turkana Central": [
        "Kerio Delta",
        "Kang’atotha",
        "Kalokol",
        "Lodwar Township",
        "Kanamkemer"
      ],
      "Turkana East": [
        "Kapedo/Napeito",
        "Katilia",
        "Lokori/Kochodin"
      ],
      "Turkana North": [
        "Kaeris",
        "Lake zone",
        "Lapur",
        "Kaaleng/kaikor",
        "Kibish",
        "Nakalale"
      ],
      "Turkana South": [
        "Kaputir",
        "Katilu",
        "Lobokat",
        "Kalapata",
        "Lokichar"
      ],
      "Turkana West": [
        "Kakuma",
        "Lopur",
        "Letea",
        "Songot",
        "Kalobeyei",
        "Lokichoggio",
        "Nanaam"
      ],
      "Loima": [
        "Kotaruk/Lobei",
        "Turkwel",
        "Loima",
        "Lokiriama/Loren Gippi"
      ]
    }
  },
  "024": {
    "name": "West pokot",
    "subcounties": {
      "Kapenguria": [
        "Riwo",
        "Kapenguria",
        "Mnagei",
        "Siyoi",
        "Endugh",
        "Sook"
      ],
      "Sigor": [
        "Sekerr",
        "Masool",
        "Lomut",
        "Weiwei"
      ],
      "Kacheliba": [
        "Suam",
        "Kodich",
        "Kasei",
        "Kapchok",
        "Kiwawa",
        "Alale"
      ],
      "Pokot South": [
        "Chepareria",
        "Batei",
        "Lelan",
        "Tapach"
      ]
    }
  },
  "025": {
    "name": "Samburu",
    "subcounties": {
      "Samburu East": [
        "Waso",
        "Wamba West",
        "Wamba East",
        "Wamba North"
      ],
      "Samburu North": [
        "El-Barta",
        "Nachola",
        "Ndoto",
        "Nyiro",
        "Angata Nanyokie",
        "Baawa"
      ],
      "Samburu West": [
        "Lodokejek",
        "Suguta Marmar",
        "Maralal",
        "Loosuk",
        "Poro"
      ]
    }
  },
  "026": {
    "name": "Trans-Nzoia",
    "subcounties": {
      "Cherang'any": [
        "Sinyerere",
        "Makutano",
        "Kaplamai",
        "Motosiet",
        "Cherangany/Suwerwa",
        "Chepsiro/Kiptoror",
        "Sitatunga"
      ],
      "Kwanza": [
        "Kapomboi",
        "Kwanza",
        "Keiyo",
        "Bidii"
      ],
      "Endebess": [
        "Chepchoina",
        "Endebess",
        "Matumbei"
      ],
      "Saboti": [
        "Kinyoro",
        "Matisi",
        "Tuwani",
        "Saboti",
        "Machewa"
      ],
      "Kiminini": [
        "Kiminini",
        "Waitaluk",
        "Sirende",
        "Hospital",
        "Sikhendu",
        "Nabiswa"
      ]
    }
  },
  "027": {
    "name": "Uasin Gishu",
    "subcounties": {
      "Ainabkoi": [
        "Kapsoya",
        "Kaptagat",
        "Ainabkoi/Olare"
      ],
      "Kapseret": [
        "Simat/Kapseret",
        "Kipkenyo",
        "Ngeria",
        "Megun",
        "Langas"
      ],
      "Kesses": [
        "Racecourse",
        "Cheptiret/Kipchamo",
        "Tulwet/Chuiyat",
        "Tarakwa"
      ],
      "Moiben": [
        "Tembelio",
        "Sergoit",
        "Karuna/Meibeki",
        "Moiben",
        "Kimumu"
      ],
      "Soy": [
        "  Moi’s Bridge",
        "Kapkures",
        "Ziwa",
        "Segero/Barsombe",
        "Kipsom Ba",
        "Soy",
        "Kuinet/Kapsuswa"
      ],
      "Turbo": [
        "  Ngenyilel",
        "Tapsagoi",
        "Kamagut",
        "Kiplombe",
        "Kapsaos",
        "Huruma"
      ]
    }
  },
  "028": {
    "name": "Elgeyo-Marakwet",
    "subcounties": {
      "Keiyo North": [
        "Emsoo",
        "Kamariny",
        "Kapchemutwa",
        "Tambach"
      ],
      "Keiyo South": [
        "Kaptarakwa",
        "Chepkorio",
        "Soy North",
        "Soy South",
        "Kabiemit",
        "Metkei"
      ],
      "Marakwet East": [
        "Kapyego",
        "Sambirir",
        "Endo",
        "Embobut / Embulot"
      ],
      "Marakwet West": [
        "Kapsowar",
        "Lelan",
        "Sengwer",
        "Cherang’any/Chebororwa",
        "Moiben/Kuserwo",
        "Arror"
      ]
    }
  },
  "029": {
    "name": "Nandi",
    "subcounties": {
      "Aldai": [
        "Kabwareng",
        "Terik",
        "Kemeloi-Maraba",
        "Kobujoi",
        "Kaptumo-Kaboi",
        "Koyo-Ndurio"
      ],
      "Chesumei": [
        "Chemundu/Kapng’etuny",
        "Kosirai",
        "Lelmokwo/Ngechek",
        "Kaptel/Kamoiywo",
        "Kiptuya"
      ],
      "Emgwen": [
        "Chepkumia",
        "Kapkangani",
        "Kapsabet",
        "Kilibwoni"
      ],
      "Mosop": [
        "Chepterwai",
        "Kipkaren",
        "Kurgung/ Surungai",
        "Kabiyet",
        "Ndalat",
        "Kabisaga",
        "Sangalo/Kebulonik"
      ],
      "Nandi Hills": [
        "Nandi Hills",
        "Chepkunyuk",
        "Ol’lessos",
        "Kapchorua"
      ],
      "Tinderet": [
        "Songhor/Soba",
        "Tindiret",
        "Chemelil/Chemase",
        "Kapsimotwo"
      ]
    }
  },
  "030": {
    "name": "Baringo",
    "subcounties": {
      "Baringo Central": [
        "Kabarnet",
        "Sacho",
        "Tenges",
        "Ewalel/Chapcha",
        "Kapropita"
      ],
      "Baringo North": [
        "Barwessa",
        "Kabartonjo",
        "Saimo/Kipsaraman",
        "Saimo/Soi",
        "Bartabwa"
      ],
      "Baringo South": [
        "Marigat",
        "Ilchamus",
        "Mochongoi",
        "Mukutani"
      ],
      "Eldama Ravine": [
        "Lembus",
        "Lembus Kwen",
        "Ravine",
        "Mumberes/Maji Mazuri",
        "Lembus /Pekerra"
      ],
      "Mogotio": [
        "Mogotio",
        "Emining",
        "Kisanana"
      ],
      "Tiaty": [
        "Tirioko",
        "Kolowa",
        "Ribkwo",
        "Silale",
        "Loiyamorock",
        "Tangulbei/Korossi",
        "Churo/Amaya"
      ]
    }
  },
  "031": {
    "name": "Laikipia",
    "subcounties": {
      "Laikipia North": [
        "Sosian",
        "Segera",
        "Mugogodo West",
        "Mugogodo East"
      ],
      "Laikipia East": [
        "Ngobit",
        "Tigithi",
        "Thingithu",
        "Nanyuki",
        " Umande"
      ],
      "Laikipia West": [
        "Ol-Moran",
        "Rumuruti",
        "Township ",
        "Githiga",
        "Marmanet",
        "Igwamiti Salama"
      ]
    }
  },
  "032": {
    "name": "Nakuru",
    "subcounties": {
      "Nakuru Town East": [
        "Biashara",
        "Kivumbini",
        "Flamingo",
        "Menengai",
        "Nakuru East"
      ],
      "Nakuru Town West": [
        "Barut",
        "London",
        "Kaptembwo",
        "Kapkures",
        "Rhoda",
        "Shaabab"
      ],
      "Njoro": [
        "Mau Narok",
        "Mauche",
        "Kihingo",
        "Nessuit",
        "Lare",
        "Njoro"
      ],
      "Molo": [
        "Mariashoni",
        "Elburgon",
        "Turi",
        "Molo"
      ],
      "Gilgil": [
        "Gilgil",
        "Elementaita",
        "Mbaruk/Eburu",
        "Malewa West",
        "Murindati"
      ],
      "Naivasha": [
        "Biashara",
        "Hells Gate",
        "Lake View",
        "Maiella",
        "Mai Mahiu",
        "Olkaria",
        "Naivasha East",
        "Viwandani"
      ],
      "Kuresoi North": [
        "Kiptororo",
        "Nyota",
        "Sirikwa",
        "Kamara"
      ],
      "Kuresoi South": [
        "Amalo",
        "Keringet",
        "Kiptagich",
        "Tinet"
      ],
      "Bahati": [
        "Dundori",
        "Kabatini",
        "Kiamaina",
        "Lanet/Umoja",
        "Bahati"
      ],
      "Rongai": [
        "Menengai West",
        "Soin",
        "Visoi",
        "Mosop",
        "Solai"
      ],
      "Subukia": [
        "Subukia",
        "Waseges",
        "Kabazi"
      ]
    }
  },
  "033": {
    "name": "Narok",
    "subcounties": {
      "Narok North": [
        "Olpusimoru",
        "Olokurto",
        "Narok Town",
        "Nkareta'Olorropil",
        "Melili"
      ],
      "Narok South": [
        "Majimoto/Naroos",
        "Uraololulung’a",
        "Melelo",
        "Loita",
        "Sogoo",
        "Sagamian"
      ],
      "Narok East": [
        "Mosiro",
        "Ildamat",
        "Keekonyokie",
        "Suswa"
      ],
      "Narok West": [
        "Ilmotiok",
        "Mara",
        "Siana",
        "Naikarra"
      ],
      "Kilgoris": [
        "Kilgoris Central",
        "Keyian",
        "Angata Barikoi",
        "Shankoe",
        "Kimintet",
        "Lolgorian"
      ],
      "Emurua Dikirr": [
        "Ilkerin",
        "Ololmasani",
        "Mogondo",
        "Kapsasian"
      ]
    }
  },
  "034": {
    "name": "Kajiado",
    "subcounties": {
      "Kajiado Central": [
        "Purko",
        "Ildamat",
        "Dalalekutuk",
        "Matapato North",
        "Matapato South"
      ],
      "Kajiado East": [
        "Kaputiei North",
        "Kitengela",
        "Oloosirkon/Sholinke",
        "Kenyawa-Poka",
        "Imaroro"
      ],
      "Kajiado North": [
        "Olkeri",
        "Ongata Rongai",
        "Nkaimurunya",
        "Oloolua",
        "Ngong"
      ],
      "Kajiado West": [
        "  Keekonyokie",
        "Iloodokilani",
        "Magadi",
        "Ewuaso Oonkidong’i",
        "Mosiro"
      ],
      "Kajiado South": [
        "Entonet/Lenkisi",
        "Mbirikani/Eselen",
        "Keikuku",
        "Rombo",
        "Kimana"
      ]
    }
  },
  "035": {
    "name": "Kericho",
    "subcounties": {
      "Ainamoi": [
        "Kapsoit",
        "Ainamoi",
        "Kipchebor",
        "Kapkugerwet",
        "Kipchimchim",
        "Kapsaos"
      ],
      "Belgut": [
        "Waldai",
        "Kabianga",
        "Cheptororiet/Seretut",
        "Chaik",
        "Kapsuser"
      ],
      "Bureti": [
        "Kisiara",
        "Tebesonik",
        "Cheboin",
        "Chemosot",
        "Litein",
        "Cheplanget",
        "Kapkatet"
      ],
      "Kipkelion East": [
        "Londiani",
        "Kedowa/Kimugul",
        "Chepseon",
        "Tendeno/Sorget"
      ],
      "Kipkelion West": [
        "Kunyak",
        "Kamasian",
        "Kipkelion",
        "Chilchila"
      ],
      "Soin Sigowet": [
        "Sigowet",
        "Kaplelartet",
        "Soliat",
        "Soin"
      ]
    }
  },
  "036": {
    "name": "Bomet",
    "subcounties": {
      "Sotik": [
        "Ndanai/Abosi",
        "Chemagel",
        "Kipsonoi",
        "Apletundo",
        "Rongena/Manare T"
      ],
      "Bomet Central": [
        "Silibwet Township",
        "Ndaraweta",
        " Singorwet",
        "Chesoen",
        "Mutarakwa"
      ],
      "Bomet East": [
        "Merigi",
        "Kembu",
        "Longisa",
        "Kipreres",
        "Chemaner"
      ],
      "Chepalungu": [
        "  Kong’asis",
        " Nyangores",
        "Sigor",
        " Chebunyo",
        "Siongiroi"
      ],
      "Konoin": [
        "Chepchabas",
        "Kimulot",
        "Mogogosiek",
        "Boito",
        " Embomos"
      ]
    }
  },
  "037": {
    "name": "Kakamega",
    "subcounties": {
      "Butere": [
        "Marama West",
        "Marama Central",
        "Marenyo-Shianda",
        "Maram North",
        "Marama South"
      ],
      "Ikolomani": [
        "Idakho South",
        "Idakho East",
        "Idakho North",
        "Idakho Central"
      ],
      "Khwisero": [
        "Kisa North",
        "Kisa East",
        "Kisa West",
        "Kisa Central"
      ],
      "Lurambi": [
        "Butsotso East",
        "Butsotso South",
        "Butsotso Central",
        "Sheywe",
        "Mahiakalo",
        "Shirere"
      ],
      "Likuyani": [
        "Likuyani",
        "Sango",
        "Kongoni",
        "Nzoia",
        "Sinoko"
      ],
      "Malava": [
        "West Kabras",
        "Chemuche East",
        "Kabras",
        "Butali/Chegulo",
        "Manda-Shivanga",
        "Shirugu-Mugai",
        "South Kabras"
      ],
      "Matungu": [
        "Koyonzo",
        "Kholera",
        "Khalaba",
        "Mayoni",
        "Namamali"
      ],
      "Mumias East": [
        "Lusheya/Lubinu",
        "Malaha/Isongo/Makunga",
        "East Wanga"
      ],
      "Mumias West": [
        "Mumias Central",
        "Mumias North",
        "Etenje",
        "Musanda"
      ],
      "Navakholo": [
        "Ingostse-Mathia",
        "Shinoyi-Shikomari",
        "Esumeyia",
        "Bunyala West",
        "Bunyal East",
        "Bunyala Central"
      ],
      "Lugari": [
        "Mautuma",
        "Lugari",
        "Lumakanda",
        "Chekalini",
        "Chevaywa",
        "Lawandeti"
      ],
      "Shinyalu": [
        "Mautuma",
        "Lugari",
        "Lumakanda",
        "Chekalini",
        "Chevaywa",
        "Lawandeti"
      ]
    }
  },
  "038": {
    "name": "Vihiga",
    "subcounties": {
      "Emuhaya": [
        "North East Bunyore",
        "Central Bunyore",
        "West Bunyore"
      ],
      "Hamisi": [
        "Shiru",
        "Gisambai",
        "Shamakhokho",
        "Banja",
        "Muhudi",
        "Tambaa",
        "Jepkoyai"
      ],
      "Sabatia": [
        "Lyaduywa/Izava",
        "West Sabatia",
        "Chavakali",
        "North Maragoli",
        "Wodanga",
        "Busali"
      ],
      "Vihiga": [
        "Lugaga-Wamuluma",
        "South Maragoli",
        "Central Maragoli",
        "Mungoma"
      ],
      "Luanda": [
        "Luanda Township",
        "Wemilabi",
        "Mwibona",
        "Luanda South",
        "Emabungo"
      ]
    }
  },
  "039": {
    "name": "Bungoma",
    "subcounties": {
      "Bumula": [
        "Bumula",
        "Khasoko",
        "Kabula",
        "Kimaeti",
        "South Bukusu",
        "Siboti"
      ],
      "Kanduyi": [
        "Bukembe West",
        "Bukembe East",
        "Township",
        "Khalaba",
        "Musikoma",
        "East Snag’alo",
        "Marakatu",
        "Tuuti",
        "West Sang’alo"
      ],
      "Webuye East": [
        "Mihuu",
        "Ndivisi",
        "Maraka"
      ],
      "Webuye West": [
        "Sitikho",
        "Matulo",
        "Bokoli"
      ],
      "Mt. Elgon": [
        "Cheptais",
        "Chesikaki",
        "Chepyuk",
        "Kapkateny",
        "Kaptama",
        "Elgon"
      ],
      "Sirisia": [
        "Namwela",
        "Malakisi/South Kulisiru",
        "Lwandanyi"
      ],
      "Tongaren": [
        "Mbakalo",
        "Naitiri/Kabuyefwe",
        "Milima",
        "Ndalu/Tabani",
        "Tongaren",
        "Soysambu/Mitua"
      ],
      "Kabuchai": [
        "Kabuchai/Chwele",
        "West Nalondo",
        "Bwake/Luuya",
        "Mukuyuni",
        "South Bukusu"
      ],
      "Kimilili": [
        "Kibingei",
        "Kimilili",
        "Maeni",
        "Kamukuywa"
      ]
    }
  },
  "040": {
    "name": "Busia",
    "subcounties": {
      "Teso North": [
        "MALABA CENTRAL",
        "MALABA NORTH",
        "ANG’URAI SOUTH",
        "MALABA SOUTH",
        "ANG’URAI NORTH",
        "ANG’URAI EAST"
      ],
      "Teso South": [
        "ANG'OROM",
        "CHAKOI SOUTH",
        "AMUKURA CENTRAL",
        "CHAKOI NORTH",
        "AMUKURA EAST",
        "AMUKURA WEST"
      ],
      "Nambale": [
        "NAMBALE TOWNSHIP",
        "BUKHAYO NORTH/WALTSI",
        "BUKHAYO EAST",
        "BUKHAYO CENTRAL"
      ],
      "Matayos": [
        "BUKHAYO WEST",
        "MAYENJE",
        "MATAYOS SOUTHBUSIBWABO",
        "BURUMBA"
      ],
      "Butula": [
        "MARACHI WESTKINGANDOLE",
        "MARACHI CENTRAL",
        "MARACHI EAST",
        "MARACHI NORTH",
        "ELUGULU"
      ],
      "Funyula": [
        "NAMBOBOTO NAMBUKU",
        "NANGINA",
        "AGENG'A NANGUBA",
        "BWIRI"
      ]
    }
  },
  "041": {
    "name": "Siaya",
    "subcounties": {
      "Alego Usonga": [
        "Usonga",
        "West Alego",
        "Central Alego",
        "Siaya Township",
        "North Alego",
        "South East Alego"
      ],
      "Gem": [
        "North Gem",
        "West Gem",
        "Central Gem",
        "Yala Township",
        "East Gem",
        "South Gem"
      ],
      "Bondo": [
        "West Yimbo",
        "Central Sakwa",
        "South Sakwa",
        "Yimbo East",
        "West Sakwa",
        "North Sakwa"
      ],
      "Rarieda": [
        "Gem Rae",
        "East Asembo",
        "West Asembo",
        "Central Asembo",
        "South West Asembo",
        "North West Asembo",
        "North East Asembo",
        "South East Asembo",
        "Nyang'oma Kogelo",
        "West Uyoma",
        "Central Uyoma",
        "North Uyoma"
      ],
      "Ugenya": [
        "East Asembo",
        "West Asembo",
        "North Uyoma",
        "South Uyoma",
        "West Uyoma"
      ],
      "Ugunja": [
        "Sidindi",
        "Sigomere",
        "Ugunja"
      ]
    }
  },
  "042": {
    "name": "Kisumu",
    "subcounties": {
      "Kisumu Central": [
        "Railways",
        "Migosi",
        "Shaurimoyo Kaloleni",
        "Market Milimani",
        "Kondele",
        "Nyalenda B"
      ],
      "Kisumu East": [
        "Kajulu",
        "Kolwa East",
        "Manyatta 'B'",
        "Nyalenda 'A'",
        "Kolwa Central"
      ],
      "Kisumu West": [
        "South West Kisumu",
        "Cetral Kisumu",
        "Kisumu North",
        "West Kisumu",
        "North West Kisumu"
      ],
      "Seme": [
        "West Seme",
        "Central Seme",
        "East Seme",
        "North Seme"
      ],
      "Nyando": [
        "East Kano/Waidhi",
        "Awasi/Onjiko",
        "Ahero",
        "Kabonyo/Kanyag Wal",
        "Kobura"
      ],
      "Muhoroni": [
        "Miwani",
        "Ombeyi",
        "Masogo/Nyag’oma",
        "Chemeli/Muhoroni/Koru"
      ],
      "Nyakach": [
        "South East Nyakach",
        "West Nyakach",
        "North Nyakach",
        "Central Nyakach",
        "South West Nyakach"
      ]
    }
  },
  "043": {
    "name": "Homa Bay",
    "subcounties": {
      "Homa Bay Town": [
        "Homa Bay Central",
        "Homa Bay Arujo",
        "Homa Bay West",
        "Homa Bay East"
      ],
      "Kabondo Kasipul": [
        "Kabondo East",
        "Kabondo West",
        "Kokwanyo",
        "Kakelo-Kojwach"
      ],
      "Karachuonyo": [
        "West Karachuonyo",
        "North Karachuonyo",
        "Central Kanyaluo",
        "Kibiri",
        "Wangchieng",
        "Kendu Bay Town"
      ],
      "Kasipul": [
        "West Kasipul",
        "South Kasipul",
        "Central Kasipul",
        "East Kamagak",
        "West Kamagak"
      ],
      "Ndhiwa": [
        "Kwabwai",
        "Kanyadoto",
        "Kanyikela",
        "Kabuoch North",
        "Kabuoch South/Pala",
        "Kanyamwa Kologi",
        "Kanyamwa Kosewe"
      ],
      "Rangwe": [
        "West Gem",
        "East Gem",
        "Kagan",
        "Kochia"
      ],
      "Suba North": [
        "Mfangano Island",
        "Rusinga Island",
        "Kasgunga",
        "Gember",
        "Lambwe"
      ],
      "Suba South": [
        "Gwassi South",
        "Gwassi North",
        "Kaksingri West",
        "Ruma-Kakshingri"
      ]
    }
  },
  "044": {
    "name": "Migori",
    "subcounties": {
      "Rongo": [
        "North Kamagambo",
        "Central Kamagambo",
        "East Kamagambo",
        "South Kamagambo"
      ],
      "Awendo": [
        "North East Sakwa",
        "South Sakwa",
        "West Sakwa",
        "Central Sakwa"
      ],
      "Suna East": [
        "God Jope",
        "Suna Central",
        "Kakrao",
        "Kwa"
      ],
      "Suna West": [
        "Wiga",
        "Wasweta II",
        "Ragan-Oruba",
        "Wasimbete"
      ],
      "Uriri": [
        "West Kanyamkago",
        "North Kanyamkago",
        "Central Kanyam Kago",
        "South Kanyamkago",
        "East Kanyamkago"
      ],
      "Nyatike": [
        "Kachien’g",
        "Kanyasa",
        "North Kadem",
        "Macalder/ Kanyarwanda",
        "Kaler",
        "Got Kachola",
        "Muhuru"
      ],
      "Kuria East": [
        "Gokeharaka/Getamwega",
        "Ntimaru West",
        "Ntimaru East",
        "Nyabasi East",
        "Nyabasi West"
      ],
      "Kuria West": [
        "Bukira East",
        "Bukira Central/ Ikerege",
        "Isibania",
        "Makerero",
        "Masaba",
        "Tagare",
        "Nyamosense/Ko Mosoko"
      ]
    }
  },
  "045": {
    "name": "Kisii",
    "subcounties": {
      "Kitutu Chache North": [
        "MONYERERO",
        "SENSI",
        "MARANI",
        "MWAMONARI"
      ],
      "Kitutu Chache South": [
        "BOGUSERO",
        "BOGEKA",
        "NYAKOE",
        "KITUTU CENTRAL",
        "NYATIEKO"
      ],
      "Nyaribari Masaba": [
        "ICHUNI",
        "NYAMASIBI",
        "MASIMBA",
        "GESUSU",
        "KIAMOKAMA"
      ],
      "Nyaribari Chache": [
        "BOBARACHO",
        "KISII CENTRAL",
        "KEUMBU",
        "KIOGORO",
        "BIRONGO",
        "IBENO"
      ],
      "Bomachoge Borabu": [
        "BORABU MASABA",
        "BOOCHI BORABU",
        "BOKIMONGE",
        "MAGENCHE"
      ],
      "Bomachoge Chache": [
        "MAJOGE BASI",
        "BOOCHI/TENDERE",
        "BOSOTI/SENGERA"
      ],
      "Bobasi": [
        "MASIGE WEST",
        "MASIG EAST",
        "BASI CENTRAL",
        "NYACHEKI",
        "BASSI BOGETAORIO",
        "BOBASI CHACHE",
        "SAMETA/ MOKWERERO",
        "BOBASI/ BOITANGARE"
      ],
      "South Mugirango": [
        "BOGETENGA",
        "BORABU/CHITAGO",
        "MOTICHO",
        "GETENGA",
        "TABAKA",
        "BOIKANGA"
      ],
      "Bonchari": [
        "BOMARIBA",
        "BOGIAKUMU",
        "BOKEIRA",
        "RIANA"
      ]
    }
  },
  "046": {
    "name": "Nyamira",
    "subcounties": {
      "Borabu": [
        "Mekenene",
        "Kiabonyoru",
        "Esise",
        "Nyansiongo"
      ],
      "Kitutu Masaba": [
        "Rigoma",
        "Gachuba",
        "Kemera",
        "Magombo",
        "Manga",
        "Gesima"
      ],
      "West Mugirango": [
        "Nyamaiya",
        "Bogichora",
        "Bosamaro",
        "Bonyamatuta",
        "Township"
      ],
      "North Mugirango": [
        "Itibo",
        "Bomwagamo",
        "Bokeira",
        "Magwagwa",
        "Ekerenyo"
      ]
    }
  },
  "047": {
    "name": "Nairobi",
    "subcounties": {
      "Westlands": [
        "Kitisuru",
        "Parklands/Highridge",
        "Karura",
        "Kangemi",
        "Mountain View"
      ],
      "Dagoretti North": [
        "Kilimani",
        "Kawangware",
        "Gatina",
        "Kileleshwa",
        "Kabiro"
      ],
      "Dagoretti South": [
        "Mutu-Ini",
        "Ngando",
        "Riruta",
        "Uthiru/Ruthimitu",
        "Waithaka"
      ],
      "Lang'ata": [
        "Karen",
        "Nairobi West",
        "Mugumu-Ini",
        "South C",
        "Nyayo Highrise"
      ],
      "Kibra": [
        "Woodley/Kenyatta Golf Course",
        "Sarang'ombe",
        "Makina",
        "Lindi",
        "Laini Saba"
      ],
      "Roysambu": [
        "Kahawa West",
        "Roysambu",
        "Githurai",
        "Kahawa",
        "Zimmerman"
      ],
      "Kasarani": [
        "Kasarani",
        "Njiru",
        "Clay City",
        "Mwiki",
        "Ruai"
      ],
      "Ruaraka": [
        "Utalii",
        "Korogocho",
        "Lucky Summer",
        "Mathare North",
        "Baba Dogo"
      ],
      "Embakasi South": [
        "Kwa Njenga",
        "Imara Daima",
        "Kware",
        "Kwa Reuben",
        "Pipeline"
      ],
      "Embakasi North": [
        "Dandora Area I",
        "Dandora Area II",
        "Dandora Area III",
        "Dandora Area IV",
        "Kariobangi North"
      ],
      "Embakasi Central": [
        "Kayole North",
        "Kayole Central",
        "Kariobangi South",
        "Komarock",
        "Matopeni / Spring Valley"
      ],
      "Embakasi East": [
        "Utawala",
        "Upper Savanna",
        "Lower Savanna",
        "Embakasi",
        "Mihango"
      ],
      "Embakasi West": [
        "Umoja 1",
        "Umoja 2",
        "Mowlem ",
        "Kariobangi south",
        "Maringo/ Hamza"
      ],
      "Makadara": [
        "Viwandani",
        "Harambee",
        "Makongeni",
        "Pumwani",
        "Eastleigh North"
      ],
      "Kamukunji": [
        "Eastleigh South",
        "Nairobi Central",
        "Airbase",
        "California",
        "Mgara"
      ],
      "Starehe": [
        "Nairobi South",
        "Hospital",
        "Ngara",
        "Pangani",
        "Landimawe",
        "Ziwani / Kariokor"
      ],
      "Mathare": [
        "Mlango Kubwa",
        "Kiamaiko",
        "Ngei",
        "Huruma",
        "Mabatini"
      ]
    }
  }
}